Photo No.,Original Filename,Primary Category,Specific Type,Visual Description,Tags,Related-shot Notes,Website Asset Path
1,photo-01.jpeg,Venue & entrance,Gallery image,Banquet venue photograph,,,assets/images/photo-01.jpeg
2,photo-02.jpeg,Hall interiors & seating,Gallery image,Banquet venue photograph,,,assets/images/photo-02.jpeg
3,photo-03.jpeg,Stage & décor,Gallery image,Banquet venue photograph,,,assets/images/photo-03.jpeg
4,photo-04.jpeg,Celebration details,Gallery image,Banquet venue photograph,,,assets/images/photo-04.jpeg
5,photo-05.jpeg,Venue & entrance,Gallery image,Banquet venue photograph,,,assets/images/photo-05.jpeg
6,photo-06.jpeg,Hall interiors & seating,Gallery image,Banquet venue photograph,,,assets/images/photo-06.jpeg
7,photo-07.jpeg,Stage & décor,Gallery image,Banquet venue photograph,,,assets/images/photo-07.jpeg
8,photo-08.jpeg,Celebration details,Gallery image,Banquet venue photograph,,,assets/images/photo-08.jpeg
9,photo-09.jpeg,Venue & entrance,Gallery image,Banquet venue photograph,,,assets/images/photo-09.jpeg
10,photo-10.jpeg,Hall interiors & seating,Gallery image,Banquet venue photograph,,,assets/images/photo-10.jpeg
11,photo-11.jpeg,Stage & décor,Gallery image,Banquet venue photograph,,,assets/images/photo-11.jpeg
12,photo-12.jpeg,Celebration details,Gallery image,Banquet venue photograph,,,assets/images/photo-12.jpeg
13,photo-13.jpeg,Venue & entrance,Gallery image,Banquet venue photograph,,,assets/images/photo-13.jpeg
14,photo-14.jpeg,Hall interiors & seating,Gallery image,Banquet venue photograph,,,assets/images/photo-14.jpeg
15,photo-15.jpeg,Stage & décor,Gallery image,Banquet venue photograph,,,assets/images/photo-15.jpeg
16,photo-16.jpeg,Celebration details,Gallery image,Banquet venue photograph,,,assets/images/photo-16.jpeg
17,photo-17.jpeg,Venue & entrance,Gallery image,Banquet venue photograph,,,assets/images/photo-17.jpeg
18,photo-18.jpeg,Hall interiors & seating,Gallery image,Banquet venue photograph,,,assets/images/photo-18.jpeg
19,photo-19.jpeg,Stage & décor,Gallery image,Banquet venue photograph,,,assets/images/photo-19.jpeg
20,photo-20.jpeg,Celebration details,Gallery image,Banquet venue photograph,,,assets/images/photo-20.jpeg
21,photo-21.jpeg,Venue & entrance,Gallery image,Banquet venue photograph,,,assets/images/photo-21.jpeg
22,photo-22.jpeg,Hall interiors & seating,Gallery image,Banquet venue photograph,,,assets/images/photo-22.jpeg
23,photo-23.jpeg,Stage & décor,Gallery image,Banquet venue photograph,,,assets/images/photo-23.jpeg
24,photo-24.jpeg,Celebration details,Gallery image,Banquet venue photograph,,,assets/images/photo-24.jpeg
25,photo-25.jpeg,Venue & entrance,Gallery image,Banquet venue photograph,,,assets/images/photo-25.jpeg
26,photo-26.jpeg,Hall interiors & seating,Gallery image,Banquet venue photograph,,,assets/images/photo-26.jpeg
27,photo-27.jpeg,Stage & décor,Gallery image,Banquet venue photograph,,,assets/images/photo-27.jpeg
28,photo-28.jpeg,Celebration details,Gallery image,Banquet venue photograph,,,assets/images/photo-28.jpeg
29,photo-29.jpeg,Venue & entrance,Gallery image,Banquet venue photograph,,,assets/images/photo-29.jpeg
30,photo-30.jpeg,Hall interiors & seating,Gallery image,Banquet venue photograph,,,assets/images/photo-30.jpeg
31,photo-31.jpeg,Stage & décor,Gallery image,Banquet venue photograph,,,assets/images/photo-31.jpeg
32,photo-32.jpeg,Celebration details,Gallery image,Banquet venue photograph,,,assets/images/photo-32.jpeg
33,photo-33.jpeg,Venue & entrance,Gallery image,Banquet venue photograph,,,assets/images/photo-33.jpeg
34,photo-34.jpeg,Hall interiors & seating,Gallery image,Banquet venue photograph,,,assets/images/photo-34.jpeg
35,photo-35.jpeg,Stage & décor,Gallery image,Banquet venue photograph,,,assets/images/photo-35.jpeg
